CREATE DATABASE erettsewgi
DEFAULT CHARACTER SET utf8
COLLATE utf8_hungarian_ci;




CREATE TABLE vizsgazo (
    id INT PRIMARY KEY,
    diaknev VARCHAR(100),
    evfolyam INT,
    osztaly CHAR(1)
);

CREATE TABLE tanar (
    id VARCHAR(10) PRIMARY KEY,
    nev VARCHAR(100)
);

CREATE TABLE vizsgak (
    id INT PRIMARY KEY,
    bizottsag VARCHAR(50),
    vizsgatargy VARCHAR(100),
    vizsgazoid INT,
    tanarid VARCHAR(10),
    
    FOREIGN KEY (vizsgazoid) REFERENCES vizsgazo(id),
    FOREIGN KEY (tanarid) REFERENCES tanar(id)
);
INSERT INTO tanar (id, nev) VALUES
('AZS', 'Angol Zsuzsanna'),
('BZP', 'Barnáné Zöld Piroska'),
('DD', 'Dinamit Domonkos'),
('DE', 'Debreceni Ede'),
('EE', 'Esztergom Eszter'),
('FG', 'Fertődi Gabriella'),
('FZ', 'Füzesi Zoltán'),
('GP', 'Görög Pál'),
('GZ', 'Gánti Zoltán'),
('HH', 'Havasi Hedvig'),
('HI', 'Halász Ildikó'),
('JM', 'Jáki Magdolna'),
('KA', 'Kovács Anna'),
('KD', 'Kovács Domokos'),
('KK', 'Karádi Károly'),
('KL', 'Kenesei Liza'),
('LF', 'Ligeti Ferenc'),
('MA', 'Megyeri Alexandra'),
('MM', 'Mohácsi Márta'),
('NZS', 'Német Zsuzsanna'),
('OA', 'Olasz Ágnes'),
('RA', 'Rombusz Anna'),
('RAM', 'Rátóti Amália'),
('RE', 'Reszet Elek'),
('SK', 'Soproni Krisztina'),
('SZE', 'Szemesi Etelka'),
('TA', 'Tahi Attila'),
('TD', 'Tárnoki Domonkos'),
('TP', 'Tatai Péter'),
('VL', 'Varga Lilla');
INSERT INTO tanar (id, nev) VALUES
('AZS', 'Angol Zsuzsanna'),
('BZP', 'Barnáné Zöld Piroska'),
('DD', 'Dinamit Domonkos'),
('DE', 'Debreceni Ede'),
('EE', 'Esztergom Eszter'),
('FG', 'Fertődi Gabriella'),
('FZ', 'Füzesi Zoltán'),
('GP', 'Görög Pál'),
('GZ', 'Gánti Zoltán'),
('HH', 'Havasi Hedvig'),
('HI', 'Halász Ildikó'),
('JM', 'Jáki Magdolna'),
('KA', 'Kovács Anna'),
('KD', 'Kovács Domokos'),
('KK', 'Karádi Károly'),
('KL', 'Kenesei Liza'),
('LF', 'Ligeti Ferenc'),
('MA', 'Megyeri Alexandra'),
('MM', 'Mohácsi Márta'),
('NZS', 'Német Zsuzsanna'),
('OA', 'Olasz Ágnes'),
('RA', 'Rombusz Anna'),
('RAM', 'Rátóti Amália'),
('RE', 'Reszet Elek'),
('SK', 'Soproni Krisztina'),
('SZE', 'Szemesi Etelka'),
('TA', 'Tahi Attila'),
('TD', 'Tárnoki Domonkos'),
('TP', 'Tatai Péter'),
('VL', 'Varga Lilla');
INSERT INTO vizsgazo (id, diaknev, evfolyam, osztaly) VALUES
(103395, 'Holló Zsolt', 12, 'D'),
(110093, 'Sas Tamás', 11, 'D'),
(117766, 'Kőszegi Kázmér', 10, 'D'),
(124760, 'Debreceni Sándor', 12, 'A'),
(125651, 'Kiss Iván', 10, 'B'),
(132283, 'Jávori Lilla', 12, 'D'),
(134847, 'Toldi Miklós', 11, 'C'),
(134864, 'Kiss Elemér', 10, 'A'),
(140754, 'Tóth Vilmos', 11, 'A'),
(144666, 'Kiss Pál', 12, 'D'),
(146053, 'Józsa Erzsébet', 12, 'D'),
(149567, 'Simon Viktória', 12, 'B'),
(152205, 'Mihályi Tibor', 10, 'D'),
(158436, 'Palotás András', 12, 'D'),
(160852, 'Messzefalvi Béla', 12, 'A'),
(164755, 'Major Károly', 11, 'D'),
(167493, 'Bádog Ferenc', 10, 'D'),
(176060, 'Tisza Tamás', 12, 'D'),
(177757, 'Szekeres György', 12, 'C'),
(183527, 'Tivadar Tibor', 12, 'D'),
(188865, 'Vilmos Zoltán', 11, 'C'),
(190698, 'Biológus Boglárka', 11, 'B'),
(199287, 'Somogyi Vendel', 11, 'C'),
(200144, 'Elme Géza', 10, 'D'),
(205234, 'Szabó Ottó', 11, 'C'),
(212104, 'Bombás Ede', 11, 'B'),
(212804, 'Farkas Zoltán', 12, 'B'),
(213941, 'Horváth Zoltán', 11, 'D'),
(216454, 'Ordasi Anita', 10, 'D'),
(230161, 'Hajdú Imre', 12, 'C'),
(231368, 'Kovács Eszter', 12, 'A'),
(242742, 'Borbély Zsuzsa', 12, 'C'),
(243553, 'Péteri Endre', 12, 'D'),
(249991, 'Pécsi Péter', 12, 'A'),
(250312, 'Kiss János', 12, 'C'),
(252670, 'Kőbér Máté', 12, 'B'),
(253028, 'Farkas Róbert', 11, 'B'),
(254754, 'Kenderesi Kázmér', 12, 'C'),
(264800, 'Kemler Anikó', 11, 'D'),
(275253, 'Fóti Franciska', 12, 'A'),
(275867, 'Szabó Marcell', 12, 'A'),
(279308, 'Monty Péter', 12, 'D'),
(285692, 'Szepezdi Szilárd', 11, 'C'),
(287476, 'Kovács Géza', 12, 'A'),
(288558, 'Kovács Krisztina', 12, 'C'),
(292326, 'Soproni Sámuel', 12, 'A'),
(293902, 'Örkényi Ödön', 11, 'C'),
(303700, 'Ladányi Gábor', 12, 'B'),
(304380, 'Farkas Sándor', 12, 'C'),
(322625, 'Háry János', 11, 'B'),
(336251, 'Közepes Tamás', 10, 'D'),
(343508, 'Kiss Kázmér', 11, 'C'),
(343674, 'Tóth József', 12, 'C'),
(345174, 'Geiger Zsuzsa', 12, 'A'),
(357832, 'Turcsányi Szilvia', 12, 'C'),
(362211, 'Molnár József', 11, 'C'),
(366921, 'Erős Erzsébet', 10, 'B'),
(367964, 'Hernádi Hugó', 12, 'D'),
(379437, 'Gerleházi Levente', 12, 'D'),
(380407, 'Derzsi Vilmos', 12, 'B'),
(381638, 'Szatymaz Péter', 12, 'A'),
(384821, 'Tóth Eszter', 12, 'B'),
(390398, 'Barna Mihály', 12, 'B'),
(397222, 'Vezér Előd', 12, 'A'),
(402368, 'Bagoly Balázs', 12, 'D'),
(404494, 'Fejér Krisztina', 11, 'B'),
(408685, 'Fehér Endre', 12, 'B'),
(412410, 'Sárkány György', 12, 'C'),
(415792, 'Hollós Noémi', 12, 'C'),
(418862, 'Alsófalvi Antal', 10, 'D'),
(422092, 'Csekő Kálmán', 12, 'A'),
(428455, 'Csuka Sándor', 10, 'D'),
(429861, 'Varga Péter', 11, 'B'),
(432181, 'Bagoly Balázs', 11, 'A'),
(436898, 'Soproni Sámuel', 12, 'D'),
(443718, 'Farkas Zsolt', 12, 'A'),
(446144, 'Pergel József', 12, 'D'),
(446240, 'Kiss Csaba', 10, 'D'),
(448094, 'Kiss István', 12, 'D'),
(449139, 'Kiss Tamás', 12, 'D'),
(450953, 'Baksa Zsolt', 12, 'B'),
(452044, 'Acsai János', 10, 'D'),
(453535, 'Tibeti Tódor', 12, 'C'),
(453919, 'Magyar Teodóra', 12, 'C'),
(454974, 'Buga Jakab', 12, 'D'),
(461081, 'Bábel Lajos', 11, 'B'),
(467578, 'Kovács János', 12, 'B'),
(471450, 'Simon Mihály', 12, 'C'),
(474446, 'Balázs Ernő', 12, 'A'),
(487998, 'Becz Miklós', 11, 'A'),
(491525, 'Kovács Jenő', 12, 'D'),
(492946, 'Fekete Gyula', 12, 'A'),
(504865, 'Szabóka Sándor', 10, 'D'),
(509882, 'Orosházi Olga', 11, 'D'),
(513656, 'Szendrő Zoltán', 12, 'B'),
(531339, 'Farkas Róbert', 12, 'D'),
(531350, 'Kerepesi Katalin', 12, 'A'),
(534566, 'Korányi Erzsébet', 12, 'A'),
(547151, 'Lellei Lilla', 12, 'C'),
(551389, 'Tóth Virgil', 12, 'B'),
(559653, 'Denes András', 12, 'D'),
(564267, 'Gall Zsuzsa', 12, 'C'),
(571366, 'Kovalcsik Emil', 12, 'A'),
(576372, 'Dunavölgye Iván', 12, 'A'),
(601954, 'Somogyi Zoltán', 12, 'A'),
(602758, 'Elek Tivadar', 12, 'D'),
(604062, 'Sánta Mária', 11, 'B'),
(610204, 'Kar Tibor', 12, 'D'),
(639355, 'Adonyi Amália', 11, 'A'),
(642504, 'Letkési Lajos', 12, 'A'),
(648032, 'Kondorosi Rita', 12, 'C'),
(649519, 'Dózsa György', 10, 'A'),
(655094, 'Nagykátai Noémi', 12, 'C'),
(660849, 'Havasi Gyula', 12, 'C'),
(661126, 'Körmendi András', 11, 'D'),
(664229, 'Tivadar Zsolt', 12, 'C'),
(677742, 'Farkas Miklós', 12, 'B'),
(677981, 'Tóth Ottó', 12, 'B'),
(681170, 'Csukó Sándor', 12, 'D'),
(690675, 'Ábrahám Aladár', 12, 'C'),
(700223, 'Sárga Sándor', 12, 'C'),
(702795, 'Dávid Ede', 12, 'B'),
(708960, 'Eke Erika', 11, 'B'),
(709762, 'Piszter Emese', 12, 'C'),
(711186, 'Tavaszi Terézia', 10, 'B'),
(719141, 'Gárdonyi Gizella', 12, 'B'),
(726400, 'Várhelyi Szilvia', 10, 'D'),
(731669, 'Borbély Balázs', 11, 'B'),
(732865, 'Volák Krisztina', 12, 'C'),
(737920, 'Bíró Lajos', 12, 'B'),
(739890, 'Horváth Balázs', 12, 'A'),
(752759, 'Asztalos József', 12, 'B'),
(759204, 'Papp Etelka', 10, 'D'),
(768113, 'Dobó Katalin', 11, 'D'),
(772189, 'Tottosik Szilvia', 11, 'A'),
(776535, 'Ócsai Márta', 12, 'D'),
(776743, 'Fischer Ildikó', 12, 'B'),
(777721, 'Velencei Viktor', 10, 'D'),
(782175, 'Szőcs Gyula', 10, 'B'),
(786214, 'Szente Mária', 12, 'A'),
(786843, 'Helmai Gábor', 11, 'B'),
(800075, 'Nagy Zoltán', 12, 'B'),
(802489, 'Nagy Béla', 12, 'A'),
(807989, 'Szántó Béla', 12, 'B'),
(814385, 'Kiss Ede', 12, 'C'),
(817931, 'Kób Máté', 12, 'A'),
(820732, 'Kovács Mária', 11, 'B'),
(822521, 'Adonyi Attila', 12, 'C'),
(822935, 'Győri Marianna', 10, 'D'),
(827235, 'Balta Márta', 12, 'D'),
(832132, 'Levél Sándor', 10, 'D'),
(832445, 'Péceli Panna', 12, 'A'),
(834097, 'Vezér Árpád', 12, 'D'),
(837168, 'Kovács Antal', 12, 'B'),
(839025, 'Váci Vendel', 10, 'D'),
(857178, 'Déri András', 12, 'C'),
(858356, 'Kövér Hajnalka', 12, 'D'),
(858960, 'Csukardi Sándor', 12, 'B'),
(862811, 'Karap Endre', 11, 'C'),
(868272, 'Gombai Gáspár', 12, 'A'),
(873468, 'Szarka Imre', 12, 'A'),
(879198, 'Gombos Katalin', 10, 'D'),
(879205, 'Szedő András', 12, 'D'),
(882625, 'Csókosdi Sarolta', 11, 'B'),
(885983, 'Pomázi Petra', 12, 'A'),
(898094, 'Árendás Viktor', 12, 'C'),
(905579, 'Bombás Albert', 11, 'B'),
(908980, 'Varga Péter', 11, 'A'),
(913066, 'Farmosi Fanni', 12, 'C'),
(920021, 'Francia Ferenc', 12, 'A'),
(921484, 'Szabó Péter', 12, 'D'),
(933165, 'Kocka András', 12, 'B'),
(935126, 'Rózsa Anna', 12, 'D'),
(935989, 'Heisberger Ottó', 12, 'A'),
(939252, 'Tilli Anikó', 12, 'D'),
(940435, 'Kiss Péter', 11, 'B'),
(947387, 'Történész Tamás', 12, 'A'),
(958964, 'Csendes Dalma', 12, 'D'),
(972817, 'Földesi Fábián', 12, 'C'),
(973104, 'Szaller Tibor', 10, 'B'),
(977615, 'Zirci Zoltán', 12, 'B'),
(981109, 'Józsa László', 12, 'B'),
(988884, 'Szabó Béla', 12, 'D'),
(991854, 'Jánosházi János', 12, 'B'),
(992866, 'Jáki Jenő', 12, 'B'),
(997494, 'Csornai László', 10, 'D'),
(999007, 'Nagy Géza', 12, 'B');
INSERT INTO vizsgak (id, bizottsag, vizsgatargy, vizsgazoid, tanarid) VALUES
(1, '12D', 'magyar nyelv és irodalom', 243553, 'FZ'),
(2, '12D', 'testnevelés', 858356, 'GZ'),
(3, '12D', 'történelem', 103395, 'GP'),
(4, '12D', 'történelem', 681170, 'GP'),
(5, '12D', 'történelem', 491525, 'GP'),
(6, '12D', 'történelem', 446144, 'GP'),
(7, '12D', 'történelem', 879205, 'GP'),
(8, '12D', 'történelem', 610204, 'GP'),
(9, '12D', 'történelem', 132283, 'GP'),
(10, '12D', 'történelem', 921484, 'GP'),
(11, '12D', 'történelem', 958964, 'GP'),
(12, '12D', 'történelem', 367964, 'GP'),
(13, '12D', 'történelem', 176060, 'GP'),
(14, '12D', 'történelem', 988884, 'GP'),
(15, '12D', 'történelem', 448094, 'GP'),
(16, '12D', 'történelem', 436898, 'GP'),
(17, '12D', 'történelem', 144666, 'GP'),
(18, '12D', 'történelem', 827235, 'GP'),
(19, '12D', 'történelem', 531339, 'GP'),
(20, '12D', 'történelem', 935126, 'GP'),
(21, '12D', 'történelem', 939252, 'GP'),
(22, '12D', 'történelem', 449139, 'GP'),
(23, '12D', 'történelem', 402368, 'GP'),
(24, '12D', 'történelem', 146053, 'GP'),
(25, '12D', 'történelem', 559653, 'GP'),
(26, '12D', 'történelem', 454974, 'GP'),
(27, '12D', 'történelem', 776535, 'GP'),
(28, '12D', 'történelem', 279308, 'GP'),
(29, '12D', 'történelem', 243553, 'GP'),
(30, '12D', 'angol nyelv', 759204, 'DE'),
(31, '12D', 'angol nyelv', 152205, 'DE'),
(32, '12D', 'angol nyelv', 117766, 'DE'),
(33, '12D', 'angol nyelv', 336251, 'DE'),
(34, '12D', 'angol nyelv', 822935, 'DE'),
(35, '12D', 'angol nyelv', 504865, 'DE'),
(36, '12D', 'angol nyelv', 167493, 'DE'),
(37, '12D', 'angol nyelv', 428455, 'DE'),
(38, '12D', 'angol nyelv', 879198, 'DE'),
(39, '12D', 'angol nyelv', 452044, 'DE'),
(40, '12D', 'angol nyelv', 839025, 'DE'),
(41, '12D', 'angol nyelv', 997494, 'DE'),
(42, '12D', 'angol nyelv', 216454, 'DE'),
(43, '12D', 'angol nyelv', 832132, 'DE'),
(44, '12D', 'angol nyelv', 322625, 'MA'),
(45, '12D', 'angol nyelv', 786843, 'MA'),
(46, '12D', 'angol nyelv', 882625, 'MA'),
(47, '12D', 'angol nyelv', 820732, 'MA'),
(48, '12C', 'magyar nyelv és irodalom', 898094, 'VL'),
(49, '12C', 'magyar nyelv és irodalom', 660849, 'VL'),
(50, '12C', 'magyar nyelv és irodalom', 822521, 'VL'),
(51, '12C', 'magyar nyelv és irodalom', 304380, 'VL'),
(52, '12C', 'magyar nyelv és irodalom', 177757, 'VL'),
(53, '12C', 'magyar nyelv és irodalom', 250312, 'VL'),
(54, '12C', 'magyar nyelv és irodalom', 343674, 'VL'),
(55, '12C', 'magyar nyelv és irodalom', 453535, 'VL'),
(56, '12C', 'magyar nyelv és irodalom', 230161, 'VL'),
(57, '12C', 'magyar nyelv és irodalom', 709762, 'VL'),
(58, '12C', 'magyar nyelv és irodalom', 564267, 'VL'),
(59, '12C', 'német nyelv', 972817, 'HH'),
(60, '12C', 'történelem', 700223, 'KD'),
(61, '12C', 'történelem', 690675, 'KD'),
(62, '12C', 'történelem', 913066, 'KD'),
(63, '12C', 'történelem', 415792, 'KD'),
(64, '12C', 'történelem', 732865, 'KD'),
(65, '12C', 'történelem', 471450, 'KD'),
(66, '12C', 'történelem', 857178, 'KD'),
(67, '12C', 'történelem', 648032, 'KD'),
(68, '12C', 'történelem', 655094, 'KD'),
(69, '12C', 'történelem', 664229, 'KD'),
(70, '12C', 'történelem', 242742, 'KD'),
(71, '12C', 'történelem', 453919, 'KD'),
(72, '12C', 'történelem', 972817, 'KD'),
(73, '12C', 'történelem', 288558, 'KD'),
(74, '12C', 'történelem', 814385, 'KD'),
(75, '12C', 'történelem', 357832, 'KD'),
(76, '12C', 'történelem', 254754, 'KD'),
(77, '12C', 'történelem', 547151, 'KD'),
(78, '12C', 'történelem', 412410, 'KD'),
(79, '12C', 'történelem', 660849, 'KD'),
(80, '12C', 'történelem', 822521, 'KD'),
(81, '12C', 'történelem', 304380, 'KD'),
(82, '12C', 'történelem', 177757, 'KD'),
(83, '12C', 'történelem', 250312, 'KD'),
(84, '12C', 'történelem', 343674, 'KD'),
(85, '12C', 'történelem', 453535, 'KD'),
(86, '12C', 'történelem', 230161, 'KD'),
(87, '12C', 'történelem', 709762, 'KD'),
(88, '12C', 'történelem', 564267, 'KD'),
(89, '12D', 'angol nyelv', 132283, 'OA'),
(90, '12D', 'angol nyelv', 402368, 'MA'),
(91, '12D', 'földrajz', 602758, 'FG'),
(92, '12D', 'francia nyelv', 834097, 'AZS'),
(93, '12D', 'biológia', 448094, 'KL'),
(94, '12D', 'biológia', 436898, 'KL'),
(95, '12D', 'biológia', 144666, 'KL'),
(96, '12D', 'magyar nyelv és irodalom', 103395, 'FZ'),
(97, '12D', 'magyar nyelv és irodalom', 681170, 'FZ'),
(98, '12D', 'magyar nyelv és irodalom', 491525, 'FZ'),
(99, '12D', 'magyar nyelv és irodalom', 158436, 'FZ'),
(100, '12D', 'magyar nyelv és irodalom', 446144, 'FZ'),
(101, '12D', 'magyar nyelv és irodalom', 879205, 'FZ'),
(102, '12D', 'magyar nyelv és irodalom', 610204, 'FZ'),
(103, '12D', 'magyar nyelv és irodalom', 132283, 'FZ'),
(104, '12D', 'magyar nyelv és irodalom', 602758, 'FZ'),
(105, '12D', 'magyar nyelv és irodalom', 834097, 'FZ'),
(106, '12D', 'magyar nyelv és irodalom', 921484, 'FZ'),
(107, '12D', 'magyar nyelv és irodalom', 958964, 'FZ'),
(108, '12D', 'magyar nyelv és irodalom', 367964, 'FZ'),
(109, '12D', 'magyar nyelv és irodalom', 379437, 'FZ'),
(110, '12D', 'magyar nyelv és irodalom', 176060, 'FZ'),
(111, '12D', 'magyar nyelv és irodalom', 988884, 'FZ'),
(112, '12D', 'magyar nyelv és irodalom', 448094, 'FZ'),
(113, '12D', 'magyar nyelv és irodalom', 436898, 'FZ'),
(114, '12D', 'magyar nyelv és irodalom', 144666, 'FZ'),
(115, '12D', 'magyar nyelv és irodalom', 827235, 'FZ'),
(116, '12D', 'magyar nyelv és irodalom', 858356, 'FZ'),
(117, '12D', 'magyar nyelv és irodalom', 531339, 'FZ'),
(118, '12D', 'magyar nyelv és irodalom', 935126, 'FZ'),
(119, '12D', 'magyar nyelv és irodalom', 939252, 'FZ'),
(120, '12D', 'magyar nyelv és irodalom', 449139, 'FZ'),
(121, '12D', 'magyar nyelv és irodalom', 183527, 'FZ'),
(122, '12D', 'magyar nyelv és irodalom', 402368, 'FZ'),
(123, '12D', 'magyar nyelv és irodalom', 146053, 'FZ'),
(124, '12D', 'magyar nyelv és irodalom', 559653, 'FZ'),
(125, '12D', 'magyar nyelv és irodalom', 454974, 'FZ'),
(126, '12D', 'magyar nyelv és irodalom', 776535, 'FZ'),
(127, '12D', 'magyar nyelv és irodalom', 279308, 'FZ'),
(128, '12A', 'angol nyelv', 275867, 'KA'),
(129, '12A', 'angol nyelv', 947387, 'SK'),
(130, '12A', 'angol nyelv', 885983, 'SK'),
(131, '12A', 'ember- és társadalomismeret, etika', 275253, 'EE'),
(132, '12A', 'ember- és társadalomismeret, etika', 873468, 'EE'),
(133, '12A', 'kémia', 817931, 'KK'),
(134, '12A', 'magyar nyelv és irodalom', 287476, 'HI'),
(135, '12A', 'magyar nyelv és irodalom', 492946, 'HI'),
(136, '12A', 'magyar nyelv és irodalom', 786214, 'HI'),
(137, '12A', 'magyar nyelv és irodalom', 802489, 'HI'),
(138, '12A', 'magyar nyelv és irodalom', 160852, 'HI'),
(139, '12A', 'magyar nyelv és irodalom', 443718, 'HI'),
(140, '12A', 'magyar nyelv és irodalom', 345174, 'HI'),
(141, '12A', 'magyar nyelv és irodalom', 571366, 'HI'),
(142, '12A', 'magyar nyelv és irodalom', 739890, 'HI'),
(143, '12A', 'magyar nyelv és irodalom', 397222, 'HI'),
(144, '12A', 'magyar nyelv és irodalom', 817931, 'HI'),
(145, '12A', 'magyar nyelv és irodalom', 868272, 'HI'),
(146, '12A', 'magyar nyelv és irodalom', 231368, 'HI'),
(147, '12A', 'magyar nyelv és irodalom', 249991, 'HI'),
(148, '12A', 'magyar nyelv és irodalom', 534566, 'HI'),
(149, '12A', 'magyar nyelv és irodalom', 275867, 'HI'),
(150, '12A', 'magyar nyelv és irodalom', 935989, 'HI'),
(151, '12A', 'magyar nyelv és irodalom', 275253, 'HI'),
(152, '12A', 'magyar nyelv és irodalom', 920021, 'HI'),
(153, '12A', 'magyar nyelv és irodalom', 381638, 'HI'),
(154, '12A', 'magyar nyelv és irodalom', 292326, 'HI'),
(155, '12A', 'magyar nyelv és irodalom', 576372, 'HI'),
(156, '12A', 'magyar nyelv és irodalom', 642504, 'HI'),
(157, '12A', 'magyar nyelv és irodalom', 531350, 'HI'),
(158, '12A', 'magyar nyelv és irodalom', 947387, 'HI'),
(159, '12A', 'magyar nyelv és irodalom', 474446, 'HI'),
(160, '12A', 'magyar nyelv és irodalom', 873468, 'HI'),
(161, '12A', 'magyar nyelv és irodalom', 885983, 'HI'),
(162, '12A', 'magyar nyelv és irodalom', 601954, 'HI'),
(163, '12A', 'magyar nyelv és irodalom', 422092, 'HI'),
(164, '12A', 'magyar nyelv és irodalom', 832445, 'HI'),
(165, '12A', 'magyar nyelv és irodalom', 124760, 'HI'),
(166, '12A', 'német nyelv', 292326, 'NZS'),
(167, '12A', 'német nyelv', 474446, 'NZS'),
(168, '12A', 'történelem', 287476, 'EE'),
(169, '12A', 'történelem', 492946, 'EE'),
(170, '12A', 'történelem', 786214, 'EE'),
(171, '12A', 'történelem', 802489, 'EE'),
(172, '12A', 'történelem', 160852, 'EE'),
(173, '12A', 'történelem', 443718, 'EE'),
(174, '12A', 'történelem', 345174, 'EE'),
(175, '12A', 'történelem', 571366, 'EE'),
(176, '12A', 'történelem', 739890, 'EE'),
(177, '12A', 'történelem', 397222, 'EE'),
(178, '12A', 'történelem', 817931, 'EE'),
(179, '12A', 'történelem', 868272, 'EE'),
(180, '12A', 'történelem', 231368, 'EE'),
(181, '12A', 'történelem', 249991, 'EE'),
(182, '12A', 'történelem', 534566, 'EE'),
(183, '12A', 'történelem', 275867, 'EE'),
(184, '12A', 'történelem', 935989, 'EE'),
(185, '12A', 'történelem', 275253, 'EE'),
(186, '12A', 'történelem', 275253, 'EE'),
(187, '12A', 'történelem', 920021, 'EE'),
(188, '12A', 'történelem', 381638, 'EE'),
(189, '12A', 'történelem', 292326, 'EE'),
(190, '12A', 'történelem', 576372, 'EE'),
(191, '12A', 'történelem', 642504, 'EE'),
(192, '12A', 'történelem', 531350, 'EE'),
(193, '12A', 'történelem', 947387, 'EE'),
(194, '12A', 'történelem', 474446, 'EE'),
(195, '12A', 'történelem', 885983, 'EE'),
(196, '12A', 'történelem', 601954, 'EE'),
(197, '12A', 'történelem', 422092, 'EE'),
(198, '12A', 'történelem', 832445, 'EE'),
(199, '12A', 'történelem', 124760, 'EE'),
(200, '12A', 'angol nyelv', 134864, 'KA'),
(201, '12A', 'angol nyelv', 649519, 'KA'),
(202, '12B', 'angol nyelv', 252670, 'OA'),
(203, '12B', 'angol nyelv', 999007, 'MA'),
(204, '12B', 'angol nyelv', 551389, 'MA'),
(205, '12B', 'angol nyelv', 992866, 'OA'),
(206, '12B', 'angol nyelv', 702795, 'MA'),
(207, '12B', 'angol nyelv', 677742, 'SK'),
(208, '12B', 'angol nyelv', 858960, 'SK'),
(209, '12B', 'fizika', 752759, 'LF'),
(210, '12B', 'fizika', 991854, 'LF'),
(211, '12B', 'földrajz', 380407, 'FG'),
(212, '12B', 'földrajz', 252670, 'FG'),
(213, '12B', 'földrajz', 977615, 'FG'),
(214, '12B', 'földrajz', 384821, 'FG'),
(215, '12B', 'biológia', 800075, 'RE'),
(216, '12B', 'kémia', 212804, 'DD'),
(217, '12B', 'magyar nyelv és irodalom', 933165, 'EE'),
(218, '12B', 'magyar nyelv és irodalom', 800075, 'EE'),
(219, '12B', 'magyar nyelv és irodalom', 303700, 'EE'),
(220, '12B', 'magyar nyelv és irodalom', 719141, 'EE'),
(221, '12B', 'magyar nyelv és irodalom', 384821, 'EE'),
(222, '12B', 'magyar nyelv és irodalom', 977615, 'EE'),
(223, '12B', 'magyar nyelv és irodalom', 252670, 'EE'),
(224, '12B', 'magyar nyelv és irodalom', 467578, 'EE'),
(225, '12B', 'magyar nyelv és irodalom', 752759, 'EE'),
(226, '12B', 'magyar nyelv és irodalom', 450953, 'EE'),
(227, '12B', 'magyar nyelv és irodalom', 991854, 'EE'),
(228, '12B', 'magyar nyelv és irodalom', 807989, 'EE'),
(229, '12B', 'magyar nyelv és irodalom', 999007, 'EE'),
(230, '12B', 'magyar nyelv és irodalom', 551389, 'EE'),
(231, '12B', 'magyar nyelv és irodalom', 992866, 'EE'),
(232, '12B', 'magyar nyelv és irodalom', 992866, 'EE'),
(233, '12B', 'magyar nyelv és irodalom', 212804, 'EE'),
(234, '12B', 'magyar nyelv és irodalom', 380407, 'EE'),
(235, '12B', 'magyar nyelv és irodalom', 702795, 'EE'),
(236, '12B', 'magyar nyelv és irodalom', 513656, 'EE'),
(237, '12B', 'magyar nyelv és irodalom', 981109, 'EE'),
(238, '12B', 'magyar nyelv és irodalom', 737920, 'EE'),
(239, '12B', 'magyar nyelv és irodalom', 408685, 'EE'),
(240, '12B', 'magyar nyelv és irodalom', 677742, 'EE'),
(241, '12B', 'magyar nyelv és irodalom', 776743, 'EE'),
(242, '12B', 'magyar nyelv és irodalom', 149567, 'EE'),
(243, '12B', 'magyar nyelv és irodalom', 390398, 'EE'),
(244, '12B', 'magyar nyelv és irodalom', 858960, 'EE'),
(245, '12B', 'magyar nyelv és irodalom', 677981, 'EE'),
(246, '12B', 'német nyelv', 303700, 'TA'),
(247, '12B', 'német nyelv', 384821, 'TA'),
(248, '12B', 'német nyelv', 977615, 'TA'),
(249, '12B', 'történelem', 933165, 'TP'),
(250, '12B', 'történelem', 800075, 'TP'),
(251, '12B', 'történelem', 719141, 'TP'),
(252, '12B', 'történelem', 384821, 'TP'),
(253, '12B', 'történelem', 380407, 'TP'),
(254, '12B', 'történelem', 977615, 'TP'),
(255, '12B', 'történelem', 252670, 'TP'),
(256, '12B', 'történelem', 467578, 'TP'),
(257, '12B', 'történelem', 752759, 'TP'),
(258, '12B', 'történelem', 450953, 'TP'),
(259, '12B', 'történelem', 991854, 'TP'),
(260, '12B', 'történelem', 677981, 'TP'),
(261, '12B', 'történelem', 999007, 'TP'),
(262, '12B', 'történelem', 551389, 'TP'),
(263, '12B', 'történelem', 992866, 'TP'),
(264, '12B', 'történelem', 992866, 'TP'),
(265, '12B', 'történelem', 212804, 'TP'),
(266, '12B', 'történelem', 737920, 'TP'),
(267, '12B', 'történelem', 702795, 'TP'),
(268, '12B', 'történelem', 513656, 'TP'),
(269, '12B', 'történelem', 981109, 'TP'),
(270, '12B', 'történelem', 303700, 'TP'),
(271, '12B', 'történelem', 408685, 'TP'),
(272, '12B', 'történelem', 677742, 'TP'),
(273, '12B', 'történelem', 776743, 'TP'),
(274, '12B', 'történelem', 149567, 'TP'),
(275, '12B', 'történelem', 390398, 'TP'),
(276, '12B', 'történelem', 858960, 'TP'),
(277, '12B', 'angol nyelv', 366921, 'KA'),
(278, '12B', 'angol nyelv', 125651, 'SK'),
(279, '12B', 'angol nyelv', 782175, 'SK'),
(280, '12B', 'angol nyelv', 973104, 'SK'),
(281, '12B', 'angol nyelv', 711186, 'SK'),
(282, '12B', 'angol nyelv', 726400, 'KA'),
(283, '12B', 'angol nyelv', 200144, 'KA'),
(284, '12B', 'angol nyelv', 777721, 'KA'),
(285, '12B', 'angol nyelv', 418862, 'SK'),
(286, '12B', 'angol nyelv', 446240, 'SK'),
(287, '12B', 'angol nyelv', 731669, 'RAM'),
(288, '12B', 'angol nyelv', 429861, 'KA'),
(289, '12B', 'angol nyelv', 461081, 'KA'),
(290, '12B', 'angol nyelv', 940435, 'KA'),
(291, '12B', 'angol nyelv', 708960, 'KA'),
(292, '12B', 'angol nyelv', 212104, 'KA'),
(293, '12B', 'angol nyelv', 905579, 'KA'),
(294, '12B', 'angol nyelv', 190698, 'KA'),
(295, '12B', 'angol nyelv', 188865, 'RAM'),
(296, '12B', 'angol nyelv', 205234, 'RAM'),
(297, '12B', 'német nyelv', 134847, 'BZP'),
(298, '12B', 'német nyelv', 362211, 'BZP'),
(299, '12B', 'angol nyelv', 213941, 'OA'),
(300, '12B', 'angol nyelv', 264800, 'OA'),
(301, '12B', 'földrajz', 164755, 'FG'),
(302, '12B', 'német nyelv', 509882, 'TA'),
(303, '12C', 'angol nyelv', 700223, 'OA'),
(304, '12C', 'angol nyelv', 732865, 'MA'),
(305, '12C', 'angol nyelv', 814385, 'OA'),
(306, '12C', 'angol nyelv', 357832, 'OA'),
(307, '12C', 'angol nyelv', 254754, 'MA'),
(308, '12C', 'angol nyelv', 898094, 'MA'),
(309, '12C', 'angol nyelv', 250312, 'MA'),
(310, '12C', 'földrajz', 700223, 'FG'),
(311, '12C', 'földrajz', 913066, 'FG'),
(312, '12C', 'földrajz', 415792, 'FG'),
(313, '12C', 'földrajz', 814385, 'FG'),
(314, '12C', 'földrajz', 357832, 'FG'),
(315, '12C', 'földrajz', 547151, 'FG'),
(316, '12C', 'földrajz', 822521, 'FG'),
(317, '12C', 'földrajz', 177757, 'FG'),
(318, '12C', 'földrajz', 230161, 'FG'),
(319, '12C', 'magyar nyelv és irodalom', 700223, 'VL'),
(320, '12C', 'magyar nyelv és irodalom', 690675, 'VL'),
(321, '12C', 'magyar nyelv és irodalom', 913066, 'VL'),
(322, '12C', 'magyar nyelv és irodalom', 415792, 'VL'),
(323, '12C', 'magyar nyelv és irodalom', 471450, 'VL'),
(324, '12C', 'magyar nyelv és irodalom', 857178, 'VL'),
(325, '12C', 'magyar nyelv és irodalom', 648032, 'VL'),
(326, '12C', 'magyar nyelv és irodalom', 664229, 'VL'),
(327, '12C', 'magyar nyelv és irodalom', 242742, 'VL'),
(328, '12C', 'magyar nyelv és irodalom', 453919, 'VL'),
(329, '12C', 'magyar nyelv és irodalom', 972817, 'VL'),
(330, '12C', 'magyar nyelv és irodalom', 288558, 'VL'),
(331, '12C', 'magyar nyelv és irodalom', 814385, 'VL'),
(332, '12C', 'magyar nyelv és irodalom', 357832, 'VL'),
(333, '12C', 'magyar nyelv és irodalom', 254754, 'VL'),
(334, '12C', 'magyar nyelv és irodalom', 547151, 'VL'),
(335, '12C', 'magyar nyelv és irodalom', 412410, 'VL'),
(336, '12D', 'angol nyelv', 604062, 'MA'),
(337, '12D', 'angol nyelv', 253028, 'MA'),
(338, '12D', 'angol nyelv', 404494, 'MA'),
(339, '12D', 'angol nyelv', 343508, 'KA'),
(340, '12D', 'angol nyelv', 285692, 'KA'),
(341, '12D', 'angol nyelv', 293902, 'KA'),
(342, '12D', 'angol nyelv', 199287, 'KA'),
(343, '12D', 'angol nyelv', 862811, 'KA'),
(344, '12D', 'angol nyelv', 661126, 'MA'),
(345, '12D', 'angol nyelv', 110093, 'MA'),
(346, '12D', 'angol nyelv', 768113, 'MA'),
(347, '12D', 'angol nyelv', 908980, 'DE'),
(348, '12D', 'angol nyelv', 487998, 'DE'),
(349, '12D', 'angol nyelv', 140754, 'DE'),
(350, '12D', 'angol nyelv', 772189, 'DE'),
(351, '12D', 'angol nyelv', 639355, 'DE'),
(352, '12D', 'angol nyelv', 432181, 'DE');